Name,SIC,BVD,Industry,Year,OM,RG
AAVANTIKA GAS LIMITED,4922.0,IN0000406739,"Transportation, Communications, Electric, Gas, and Sanitary Services",2017,0.28643578146230836,0.12617576101623196
AAVANTIKA GAS LIMITED,4922.0,IN0000406739,"Transportation, Communications, Electric, Gas, and Sanitary Services",2018,0.21191364719484754,0.2674425797645894
AAVANTIKA GAS LIMITED,4922.0,IN0000406739,"Transportation, Communications, Electric, Gas, and Sanitary Services",2019,0.25831327350950756,0.1922099989487931
AAVANTIKA GAS LIMITED,4922.0,IN0000406739,"Transportation, Communications, Electric, Gas, and Sanitary Services",2020,0.3147791977893688,-0.18211643290363166
AAVANTIKA GAS LIMITED,4922.0,IN0000406739,"Transportation, Communications, Electric, Gas, and Sanitary Services",2021,0.2699902660910655,0.6647580720951138
AAVANTIKA GAS LIMITED,4922.0,IN0000406739,"Transportation, Communications, Electric, Gas, and Sanitary Services",2022,0.11914507608463994,0.6263969390003108
AAVANTIKA GAS LIMITED,4922.0,IN0000406739,"Transportation, Communications, Electric, Gas, and Sanitary Services",2023,0.1511457713030229,0.13010320673424935
ACCESS HEALTHCARE SERVICES PRIVATE LIMITED,8711.0,IN0000416362,Services,2017,0.2528941640530022,0.30865522797319134
ACCESS HEALTHCARE SERVICES PRIVATE LIMITED,8711.0,IN0000416362,Services,2018,0.27577173795270554,0.4277556004809615
ACCESS HEALTHCARE SERVICES PRIVATE LIMITED,8711.0,IN0000416362,Services,2019,0.21784326771979978,0.06600447761567363
ACCESS HEALTHCARE SERVICES PRIVATE LIMITED,8711.0,IN0000416362,Services,2020,0.18365905794335433,0.0867786745909267
ACCESS HEALTHCARE SERVICES PRIVATE LIMITED,8711.0,IN0000416362,Services,2021,0.2279369908236158,0.393017042573683
ACCESS HEALTHCARE SERVICES PRIVATE LIMITED,8711.0,IN0000416362,Services,2022,0.2603492028384009,0.4454154816282503
ACCESS HEALTHCARE SERVICES PRIVATE LIMITED,8711.0,IN0000416362,Services,2023,0.20338189232691228,0.14818867541101688
ADANI GREEN ENERGY LIMITED,4931.0,IN999003FI,"Transportation, Communications, Electric, Gas, and Sanitary Services",2017,0.21546571515104276,1.9871083735066581
ADANI GREEN ENERGY LIMITED,4931.0,IN999003FI,"Transportation, Communications, Electric, Gas, and Sanitary Services",2018,0.2349907270841316,0.2997984775323921
ADANI GREEN ENERGY LIMITED,4931.0,IN999003FI,"Transportation, Communications, Electric, Gas, and Sanitary Services",2019,0.4179396788092433,0.12410251665844751
ADANI GREEN ENERGY LIMITED,4931.0,IN999003FI,"Transportation, Communications, Electric, Gas, and Sanitary Services",2020,0.5646085295989806,0.26220641509960085
ADANI GREEN ENERGY LIMITED,4931.0,IN999003FI,"Transportation, Communications, Electric, Gas, and Sanitary Services",2021,0.5229251305861862,0.5951649293485926
ADANI GREEN ENERGY LIMITED,4931.0,IN999003FI,"Transportation, Communications, Electric, Gas, and Sanitary Services",2022,0.5571159874608148,0.42256772375013574
ADANI GREEN ENERGY LIMITED,4931.0,IN999003FI,"Transportation, Communications, Electric, Gas, and Sanitary Services",2023,0.6000423011844319,0.16925100470491028
ADANI HARBOUR SERVICES LIMITED,4412.0,IN0000378878,"Transportation, Communications, Electric, Gas, and Sanitary Services",2017,0.835591620713476,34.09413931952583
ADANI HARBOUR SERVICES LIMITED,4412.0,IN0000378878,"Transportation, Communications, Electric, Gas, and Sanitary Services",2018,0.8425468897258942,0.14561976037082025
ADANI HARBOUR SERVICES LIMITED,4412.0,IN0000378878,"Transportation, Communications, Electric, Gas, and Sanitary Services",2019,0.8468399789064399,0.044444587436113014
ADANI HARBOUR SERVICES LIMITED,4412.0,IN0000378878,"Transportation, Communications, Electric, Gas, and Sanitary Services",2020,0.8423284612027464,0.0017334786482876563
ADANI HARBOUR SERVICES LIMITED,4412.0,IN0000378878,"Transportation, Communications, Electric, Gas, and Sanitary Services",2021,0.830812589180412,0.235169159618428
ADANI HARBOUR SERVICES LIMITED,4412.0,IN0000378878,"Transportation, Communications, Electric, Gas, and Sanitary Services",2022,0.8248628356915946,0.24090564138131887
ADANI HARBOUR SERVICES LIMITED,4412.0,IN0000378878,"Transportation, Communications, Electric, Gas, and Sanitary Services",2023,0.8553035685010111,0.11660370509442863
AFFLE (INDIA) LTD,7319.0,IN001037176IND,Services,2017,0.18468606793593823,0.2632347273342657
AFFLE (INDIA) LTD,7319.0,IN001037176IND,Services,2018,0.24898963979856936,1.7700459341144756
AFFLE (INDIA) LTD,7319.0,IN001037176IND,Services,2019,0.23764179353195444,0.2362832611107486
AFFLE (INDIA) LTD,7319.0,IN001037176IND,Services,2020,0.22486315458839135,0.5934576506505733
AFFLE (INDIA) LTD,7319.0,IN001037176IND,Services,2021,0.17992504986785623,1.0342484918939965
AFFLE (INDIA) LTD,7319.0,IN001037176IND,Services,2022,0.17326623717907338,0.2123759980973523
AFFLE (INDIA) LTD,7319.0,IN001037176IND,Services,2023,0.16143975646298941,0.2630594778444211
AFFORDABLE ROBOTIC & AUTOMATION LIMITED,3711.0,IN897186FI,Manufacturing,2017,0.13393957460670677,0.38890239903377855
AFFORDABLE ROBOTIC & AUTOMATION LIMITED,3711.0,IN897186FI,Manufacturing,2018,0.1270510362779218,0.19013569605908898
AFFORDABLE ROBOTIC & AUTOMATION LIMITED,3711.0,IN897186FI,Manufacturing,2019,0.06972005904150755,-0.031694709959291245
AFFORDABLE ROBOTIC & AUTOMATION LIMITED,3711.0,IN897186FI,Manufacturing,2020,-0.014350298392830689,-0.337871054564424
AFFORDABLE ROBOTIC & AUTOMATION LIMITED,3711.0,IN897186FI,Manufacturing,2021,0.06376398779247233,0.4012510154941966
AFFORDABLE ROBOTIC & AUTOMATION LIMITED,3711.0,IN897186FI,Manufacturing,2022,0.062021123932401105,0.2937932671167074
AFFORDABLE ROBOTIC & AUTOMATION LIMITED,3711.0,IN897186FI,Manufacturing,2023,0.07588487681765638,0.41602319536558463
AKRY ORGANICS PVT LTD,2869.0,IN0001060236,Manufacturing,2017,0.18342547618625707,0.38746410426601274
AKRY ORGANICS PVT LTD,2869.0,IN0001060236,Manufacturing,2018,0.17635136032379822,0.19378392091045593
AKRY ORGANICS PVT LTD,2869.0,IN0001060236,Manufacturing,2019,0.0964193325179468,0.1520479110742956
AKRY ORGANICS PVT LTD,2869.0,IN0001060236,Manufacturing,2020,0.15243885504170301,-0.06588724315387262
AKRY ORGANICS PVT LTD,2869.0,IN0001060236,Manufacturing,2021,0.16764064844499363,0.7509169792343098
AKRY ORGANICS PVT LTD,2869.0,IN0001060236,Manufacturing,2022,0.15129015789927744,0.20382597328963548
AKRY ORGANICS PVT LTD,2869.0,IN0001060236,Manufacturing,2023,0.18083471481926855,0.15268288346037395
ALLEGION INDIA PRIVATE LIMITED,8721.0,IN0012153694,Services,2017,0.1447140332878398,0.28289961151472376
ALLEGION INDIA PRIVATE LIMITED,8721.0,IN0012153694,Services,2018,0.13771943902631614,0.2888670820541708
ALLEGION INDIA PRIVATE LIMITED,8721.0,IN0012153694,Services,2019,0.13720230515444232,0.22494253595490776
ALLEGION INDIA PRIVATE LIMITED,8721.0,IN0012153694,Services,2020,0.11877831434558941,0.14752729002999265
ALLEGION INDIA PRIVATE LIMITED,8721.0,IN0012153694,Services,2021,0.13342812708286977,0.4175187977236807
ALLEGION INDIA PRIVATE LIMITED,8721.0,IN0012153694,Services,2022,0.16226123385367286,0.3143946832256159
ALLEGION INDIA PRIVATE LIMITED,8721.0,IN0012153694,Services,2023,0.1357407441198471,0.3476256867863252
ALUFLUORIDE LIMITED,3355.0,IN31219FI,Manufacturing,2017,0.17048922611719086,0.29003147565423215
ALUFLUORIDE LIMITED,3355.0,IN31219FI,Manufacturing,2018,0.13697735158395416,0.2352237433001143
ALUFLUORIDE LIMITED,3355.0,IN31219FI,Manufacturing,2019,0.18910014314463977,0.060673565596069956
ALUFLUORIDE LIMITED,3355.0,IN31219FI,Manufacturing,2020,-0.023381528566455863,-0.47863882587006656
ALUFLUORIDE LIMITED,3355.0,IN31219FI,Manufacturing,2021,0.08762959855288484,1.2153607449449502
ALUFLUORIDE LIMITED,3355.0,IN31219FI,Manufacturing,2022,0.1444478894059601,0.42684659002893777
ALUFLUORIDE LIMITED,3355.0,IN31219FI,Manufacturing,2023,0.1375445006905174,0.17303953179648857
AMAZON DATA SERVICES INDIA PRIVATE LIMITED,7374.0,IN0015803827,Services,2017,0.12623002856840546,2.925475301890516
AMAZON DATA SERVICES INDIA PRIVATE LIMITED,7374.0,IN0015803827,Services,2018,0.13035702457441886,0.5020861918974755
AMAZON DATA SERVICES INDIA PRIVATE LIMITED,7374.0,IN0015803827,Services,2019,0.13892826764956084,0.28618034814157234
AMAZON DATA SERVICES INDIA PRIVATE LIMITED,7374.0,IN0015803827,Services,2020,0.1326722583679548,0.2365077945626355
AMAZON DATA SERVICES INDIA PRIVATE LIMITED,7374.0,IN0015803827,Services,2021,0.14430814247932014,0.35073002173936496
AMAZON DATA SERVICES INDIA PRIVATE LIMITED,7374.0,IN0015803827,Services,2022,0.15936694884063254,0.3392145779215847
AMAZON DATA SERVICES INDIA PRIVATE LIMITED,7374.0,IN0015803827,Services,2023,0.15518912229958462,0.2812547020512266
AVENUE SUPERMARTS LIMITED,5999.0,IN001576308IND,Retail Trade,2017,0.07977910985660755,0.25748532303347127
AVENUE SUPERMARTS LIMITED,5999.0,IN001576308IND,Retail Trade,2018,0.07132298632647965,0.25119834354086423
AVENUE SUPERMARTS LIMITED,5999.0,IN001576308IND,Retail Trade,2019,0.0707560480872277,0.14066181620016027
AVENUE SUPERMARTS LIMITED,5999.0,IN001576308IND,Retail Trade,2020,0.055420823697716774,-0.0043221202047843965
AVENUE SUPERMARTS LIMITED,5999.0,IN001576308IND,Retail Trade,2021,0.06491984105057418,0.24394865646708652
AVENUE SUPERMARTS LIMITED,5999.0,IN001576308IND,Retail Trade,2022,0.0701737720949392,0.2750669470714324
AVENUE SUPERMARTS LIMITED,5999.0,IN001576308IND,Retail Trade,2023,0.06661961766286531,0.16913488018734846
BETA DRUGS LIMITED,2834.0,IN117718FI,Manufacturing,2017,0.1668782679544681,0.21016009326375173
BETA DRUGS LIMITED,2834.0,IN117718FI,Manufacturing,2018,0.14332223848119255,0.22633251071083227
BETA DRUGS LIMITED,2834.0,IN117718FI,Manufacturing,2019,0.15623238878517792,0.2640804992246959
BETA DRUGS LIMITED,2834.0,IN117718FI,Manufacturing,2020,0.15422025093709624,0.3112582709485303
BETA DRUGS LIMITED,2834.0,IN117718FI,Manufacturing,2021,0.19279863618610815,0.5346000894999541
BETA DRUGS LIMITED,2834.0,IN117718FI,Manufacturing,2022,0.1894492447832271,0.13909006370974342
BETA DRUGS LIMITED,2834.0,IN117718FI,Manufacturing,2023,0.1736077309048363,0.28988334680026684
BITZER INDIA PRIVATE LIMITED,7389.0,IN0001689983,Services,2017,0.22415694720178952,0.24111507878712923
BITZER INDIA PRIVATE LIMITED,7389.0,IN0001689983,Services,2018,0.1420432989671117,0.09900291935478145
BITZER INDIA PRIVATE LIMITED,7389.0,IN0001689983,Services,2019,0.14859694802943996,0.35285010870501754
BITZER INDIA PRIVATE LIMITED,7389.0,IN0001689983,Services,2020,0.17507748339887363,-0.2795054876199967
BITZER INDIA PRIVATE LIMITED,7389.0,IN0001689983,Services,2021,0.2343340133127351,0.3735896523179878
BITZER INDIA PRIVATE LIMITED,7389.0,IN0001689983,Services,2022,0.2282894564182662,0.12694405524989016
BITZER INDIA PRIVATE LIMITED,7389.0,IN0001689983,Services,2023,0.1398153025853566,0.3472873041899871
CAMBRO NILKAMAL PRIVATE LIMITED,5199.0,IN0001890652,Wholesale Trade,2017,0.21263717768005863,0.19237911942305064
CAMBRO NILKAMAL PRIVATE LIMITED,5199.0,IN0001890652,Wholesale Trade,2018,0.2107333886709784,0.4325783200893363
CAMBRO NILKAMAL PRIVATE LIMITED,5199.0,IN0001890652,Wholesale Trade,2019,0.17617650166523632,0.005295402133796978
CAMBRO NILKAMAL PRIVATE LIMITED,5199.0,IN0001890652,Wholesale Trade,2020,0.12678491084325924,-0.46162496676810005
CAMBRO NILKAMAL PRIVATE LIMITED,5199.0,IN0001890652,Wholesale Trade,2021,0.24047389205792036,0.8934675683186888
CAMBRO NILKAMAL PRIVATE LIMITED,5199.0,IN0001890652,Wholesale Trade,2022,0.21072610260698743,0.41618465887943334
CAMBRO NILKAMAL PRIVATE LIMITED,5199.0,IN0001890652,Wholesale Trade,2023,0.21999740469784093,0.19207033796121964
CANTABIL RETAIL INDIA LIMITED,2399.0,IN34666FI,Manufacturing,2017,0.0608989403783298,0.21864000648472293
CANTABIL RETAIL INDIA LIMITED,2399.0,IN34666FI,Manufacturing,2018,0.08059439071141801,0.3901031606156449
CANTABIL RETAIL INDIA LIMITED,2399.0,IN34666FI,Manufacturing,2019,0.12962734000207418,0.07503878244854234
CANTABIL RETAIL INDIA LIMITED,2399.0,IN34666FI,Manufacturing,2020,0.13553498645495052,-0.1962723455527896
CANTABIL RETAIL INDIA LIMITED,2399.0,IN34666FI,Manufacturing,2021,0.2064608029233561,0.4432081918215913
CANTABIL RETAIL INDIA LIMITED,2399.0,IN34666FI,Manufacturing,2022,0.20869086688869845,0.2865512033979687
CANTABIL RETAIL INDIA LIMITED,2399.0,IN34666FI,Manufacturing,2023,0.16778124264513872,0.09970005776739055
CARL ZEISS INDIA (BANGALORE) PRIVATE LIMITED,3812.0,IN0001920959,Manufacturing,2017,0.0946920875005908,0.15316105377476474
CARL ZEISS INDIA (BANGALORE) PRIVATE LIMITED,3812.0,IN0001920959,Manufacturing,2018,0.10456384619875009,0.22273217445206095
CARL ZEISS INDIA (BANGALORE) PRIVATE LIMITED,3812.0,IN0001920959,Manufacturing,2019,0.1079530412269133,0.060450183526618684
CARL ZEISS INDIA (BANGALORE) PRIVATE LIMITED,3812.0,IN0001920959,Manufacturing,2020,0.1476035989015871,-0.17989123049998657
CARL ZEISS INDIA (BANGALORE) PRIVATE LIMITED,3812.0,IN0001920959,Manufacturing,2021,0.12074795388015985,0.4439441935833992
CARL ZEISS INDIA (BANGALORE) PRIVATE LIMITED,3812.0,IN0001920959,Manufacturing,2022,0.0975584163118333,0.19687674292311796
CARL ZEISS INDIA (BANGALORE) PRIVATE LIMITED,3812.0,IN0001920959,Manufacturing,2023,0.0941142067387141,0.2395059421935548
CHAMUNDI DIE CAST PRIVATE LIMITED,3331.0,IN0001994123,Manufacturing,2017,0.11328643925513851,0.39649297903474734
CHAMUNDI DIE CAST PRIVATE LIMITED,3331.0,IN0001994123,Manufacturing,2018,0.18460122604581838,0.36816838433332677
CHAMUNDI DIE CAST PRIVATE LIMITED,3331.0,IN0001994123,Manufacturing,2019,0.20460835700321234,-0.07205170269831562
CHAMUNDI DIE CAST PRIVATE LIMITED,3331.0,IN0001994123,Manufacturing,2020,0.20314156946283532,0.19149246282564736
CHAMUNDI DIE CAST PRIVATE LIMITED,3331.0,IN0001994123,Manufacturing,2021,0.20386879999004698,0.3782064951302624
CHAMUNDI DIE CAST PRIVATE LIMITED,3331.0,IN0001994123,Manufacturing,2022,0.1991941694962326,0.21858503594273704
CHAMUNDI DIE CAST PRIVATE LIMITED,3331.0,IN0001994123,Manufacturing,2023,0.28012562674352864,0.2520692539043492
COHNREZNICK PROFESSIONAL SERVICES PRIVATE LIMITED,7374.0,IN0006617014,Services,2017,0.15287585032417422,0.19023954501424045
COHNREZNICK PROFESSIONAL SERVICES PRIVATE LIMITED,7374.0,IN0006617014,Services,2018,0.16291582240319902,0.10514909770353564
COHNREZNICK PROFESSIONAL SERVICES PRIVATE LIMITED,7374.0,IN0006617014,Services,2019,0.16398782727632974,0.12087829679903273
COHNREZNICK PROFESSIONAL SERVICES PRIVATE LIMITED,7374.0,IN0006617014,Services,2020,0.13401951777713322,0.29423283662933963
COHNREZNICK PROFESSIONAL SERVICES PRIVATE LIMITED,7374.0,IN0006617014,Services,2021,0.1465041853306127,0.44174881851813486
COHNREZNICK PROFESSIONAL SERVICES PRIVATE LIMITED,7374.0,IN0006617014,Services,2022,0.15963024228303987,0.4976307474104942
COHNREZNICK PROFESSIONAL SERVICES PRIVATE LIMITED,7374.0,IN0006617014,Services,2023,0.14895622240501938,0.3528787197097807
CONVERGINT INDIA PRIVATE LIMITED,3669.0,IN0000399919,Manufacturing,2017,0.20058900615813735,0.41435253544258965
CONVERGINT INDIA PRIVATE LIMITED,3669.0,IN0000399919,Manufacturing,2018,0.21161371818641483,0.2161495905890598
CONVERGINT INDIA PRIVATE LIMITED,3669.0,IN0000399919,Manufacturing,2019,0.25651855734691237,0.2238712680533408
CONVERGINT INDIA PRIVATE LIMITED,3669.0,IN0000399919,Manufacturing,2020,0.23932256163276153,0.09414277334486232
CONVERGINT INDIA PRIVATE LIMITED,3669.0,IN0000399919,Manufacturing,2021,0.1873654921437152,0.30641327158582543
CONVERGINT INDIA PRIVATE LIMITED,3669.0,IN0000399919,Manufacturing,2022,0.2443052087158251,0.2533641329131606
CONVERGINT INDIA PRIVATE LIMITED,3669.0,IN0000399919,Manufacturing,2023,0.2387860476212244,0.5292455874000699
CONVONIX SYSTEMS PRIVATE LIMITED,4899.0,IN0010258883,"Transportation, Communications, Electric, Gas, and Sanitary Services",2017,0.30940379450273836,0.39248989049744454
CONVONIX SYSTEMS PRIVATE LIMITED,4899.0,IN0010258883,"Transportation, Communications, Electric, Gas, and Sanitary Services",2018,0.3021880102782387,0.2555764469565449
CONVONIX SYSTEMS PRIVATE LIMITED,4899.0,IN0010258883,"Transportation, Communications, Electric, Gas, and Sanitary Services",2019,0.2342912374381679,0.11285441587126344
CONVONIX SYSTEMS PRIVATE LIMITED,4899.0,IN0010258883,"Transportation, Communications, Electric, Gas, and Sanitary Services",2020,0.3492573528329755,0.3935941234711926
CONVONIX SYSTEMS PRIVATE LIMITED,4899.0,IN0010258883,"Transportation, Communications, Electric, Gas, and Sanitary Services",2021,0.26422304871982893,0.5247253701445158
CONVONIX SYSTEMS PRIVATE LIMITED,4899.0,IN0010258883,"Transportation, Communications, Electric, Gas, and Sanitary Services",2022,0.14775648984737622,0.14840432633687883
CONVONIX SYSTEMS PRIVATE LIMITED,4899.0,IN0010258883,"Transportation, Communications, Electric, Gas, and Sanitary Services",2023,0.18104718626977845,0.25328455114963
DEWAS BHOPAL CORRIDOR PRIVATE LIMITED,1611.0,IN0002383728,Construction,2017,0.46179228592710525,0.1486967224945861
DEWAS BHOPAL CORRIDOR PRIVATE LIMITED,1611.0,IN0002383728,Construction,2018,0.5993239812791767,0.05251665612829193
DEWAS BHOPAL CORRIDOR PRIVATE LIMITED,1611.0,IN0002383728,Construction,2019,0.42733997466895957,-0.05902048887196487
DEWAS BHOPAL CORRIDOR PRIVATE LIMITED,1611.0,IN0002383728,Construction,2020,0.5349421662358146,0.06002482495818251
DEWAS BHOPAL CORRIDOR PRIVATE LIMITED,1611.0,IN0002383728,Construction,2021,0.6944798914372592,0.18002479894013157
DEWAS BHOPAL CORRIDOR PRIVATE LIMITED,1611.0,IN0002383728,Construction,2022,0.715930506944554,0.11670478676432872
DEWAS BHOPAL CORRIDOR PRIVATE LIMITED,1611.0,IN0002383728,Construction,2023,0.7201881739375586,0.18183346858635652
DOWELLS CABLE ACCESSORIES PRIVATE LIMITED,3462.0,IN0016583947,Manufacturing,2017,0.0795645379992658,0.9472606903259382
DOWELLS CABLE ACCESSORIES PRIVATE LIMITED,3462.0,IN0016583947,Manufacturing,2018,0.05356909104540802,0.5567497475372141
DOWELLS CABLE ACCESSORIES PRIVATE LIMITED,3462.0,IN0016583947,Manufacturing,2019,0.1291690479483212,0.33906338760687293
DOWELLS CABLE ACCESSORIES PRIVATE LIMITED,3462.0,IN0016583947,Manufacturing,2020,0.19364669364304202,0.20913465593427127
DOWELLS CABLE ACCESSORIES PRIVATE LIMITED,3462.0,IN0016583947,Manufacturing,2021,0.19631046321199178,1.045467017626156
DOWELLS CABLE ACCESSORIES PRIVATE LIMITED,3462.0,IN0016583947,Manufacturing,2022,0.23604779135400805,0.2182434896096379
DOWELLS CABLE ACCESSORIES PRIVATE LIMITED,3462.0,IN0016583947,Manufacturing,2023,0.303509904649617,0.33591375884435526
DREAMFOLKS SERVICES LIMITED,5085.0,IN001244972IND,Wholesale Trade,2017,0.12748186276623477,0.6756940455960925
DREAMFOLKS SERVICES LIMITED,5085.0,IN001244972IND,Wholesale Trade,2018,0.11674178180786016,0.4139271203297359
DREAMFOLKS SERVICES LIMITED,5085.0,IN001244972IND,Wholesale Trade,2019,0.1198996801079364,0.3509956466563584
DREAMFOLKS SERVICES LIMITED,5085.0,IN001244972IND,Wholesale Trade,2020,-0.011662355984011259,-0.703375818768589
DREAMFOLKS SERVICES LIMITED,5085.0,IN001244972IND,Wholesale Trade,2021,0.07376747868625323,1.5800454657104925
DREAMFOLKS SERVICES LIMITED,5085.0,IN001244972IND,Wholesale Trade,2022,0.1253879017242517,1.5257750317806047
DREAMFOLKS SERVICES LIMITED,5085.0,IN001244972IND,Wholesale Trade,2023,0.07981718122980792,0.44460952877355053
EQUIFAX CREDIT INFORMATION SERVICES PRIVATE LIMITED,7374.0,IN0002582748,Services,2017,0.22014685231061634,0.28054048072982596
EQUIFAX CREDIT INFORMATION SERVICES PRIVATE LIMITED,7374.0,IN0002582748,Services,2018,0.23344262978839272,0.17360523012569162
EQUIFAX CREDIT INFORMATION SERVICES PRIVATE LIMITED,7374.0,IN0002582748,Services,2019,0.1943993806842137,0.17574312004410153
EQUIFAX CREDIT INFORMATION SERVICES PRIVATE LIMITED,7374.0,IN0002582748,Services,2020,0.10363727259637996,-0.09662926588508347
EQUIFAX CREDIT INFORMATION SERVICES PRIVATE LIMITED,7374.0,IN0002582748,Services,2021,0.11118171090972902,0.49839854673246653
EQUIFAX CREDIT INFORMATION SERVICES PRIVATE LIMITED,7374.0,IN0002582748,Services,2022,0.2269313487640153,0.586183152903857
EQUIFAX CREDIT INFORMATION SERVICES PRIVATE LIMITED,7374.0,IN0002582748,Services,2023,0.16080941068719795,0.12956995949720151
EXPERT GLOBAL SOLUTIONS PRIVATE LIMITED,7375.0,IN0002715871,Services,2017,0.26330871431716957,0.6661819639987339
EXPERT GLOBAL SOLUTIONS PRIVATE LIMITED,7375.0,IN0002715871,Services,2018,0.23347837192880416,0.16371516479843207
EXPERT GLOBAL SOLUTIONS PRIVATE LIMITED,7375.0,IN0002715871,Services,2019,0.07039597234986229,0.0037098451169377267
EXPERT GLOBAL SOLUTIONS PRIVATE LIMITED,7375.0,IN0002715871,Services,2020,0.07105500907491905,-0.016466750505943484
EXPERT GLOBAL SOLUTIONS PRIVATE LIMITED,7375.0,IN0002715871,Services,2021,0.2646118617896762,0.3865114677708097
EXPERT GLOBAL SOLUTIONS PRIVATE LIMITED,7375.0,IN0002715871,Services,2022,0.18069133848336252,0.14021257931365594
EXPERT GLOBAL SOLUTIONS PRIVATE LIMITED,7375.0,IN0002715871,Services,2023,0.23922748496370744,0.2140812359159865
FIRSTRAND SERVICES PRIVATE LIMITED,7371.0,IN0014544156,Services,2017,0.14685150679669742,0.498854222669598
FIRSTRAND SERVICES PRIVATE LIMITED,7371.0,IN0014544156,Services,2018,0.14524698351146953,0.38642220984971876
FIRSTRAND SERVICES PRIVATE LIMITED,7371.0,IN0014544156,Services,2019,0.14373635853674005,0.29007884147133955
FIRSTRAND SERVICES PRIVATE LIMITED,7371.0,IN0014544156,Services,2020,0.14339544279243774,0.1549112103904442
FIRSTRAND SERVICES PRIVATE LIMITED,7371.0,IN0014544156,Services,2021,0.1436827347256258,0.36285987364677474
FIRSTRAND SERVICES PRIVATE LIMITED,7371.0,IN0014544156,Services,2022,0.15098930550661346,0.2400096140766954
FIRSTRAND SERVICES PRIVATE LIMITED,7371.0,IN0014544156,Services,2023,0.1509048423935377,0.28453514562741256
FLEXIBLE STEEL LACING COMPANY PRIVATE LIMITED,8712.0,IN0002884949,Services,2017,0.18407328551253796,0.1856585728322322
FLEXIBLE STEEL LACING COMPANY PRIVATE LIMITED,8712.0,IN0002884949,Services,2018,0.1578374415733311,0.2854281499178899
FLEXIBLE STEEL LACING COMPANY PRIVATE LIMITED,8712.0,IN0002884949,Services,2019,0.18855173157644028,0.20576213348048356
FLEXIBLE STEEL LACING COMPANY PRIVATE LIMITED,8712.0,IN0002884949,Services,2020,0.2523015212932088,0.21142973526455555
FLEXIBLE STEEL LACING COMPANY PRIVATE LIMITED,8712.0,IN0002884949,Services,2021,0.23025185864964576,0.38072611585082816
FLEXIBLE STEEL LACING COMPANY PRIVATE LIMITED,8712.0,IN0002884949,Services,2022,0.23855583676051945,0.28751073205167255
FLEXIBLE STEEL LACING COMPANY PRIVATE LIMITED,8712.0,IN0002884949,Services,2023,0.21278627274614248,0.2544746703260452
FOSROC CHEMICALS (INDIA) PRIVATE LIMITED,2813.0,IN0002929409,Manufacturing,2017,0.12859396867210954,0.14576665711538017
FOSROC CHEMICALS (INDIA) PRIVATE LIMITED,2813.0,IN0002929409,Manufacturing,2018,0.12455503663820885,0.14406998335502386
FOSROC CHEMICALS (INDIA) PRIVATE LIMITED,2813.0,IN0002929409,Manufacturing,2019,0.12555665041915046,0.03719813440643471
FOSROC CHEMICALS (INDIA) PRIVATE LIMITED,2813.0,IN0002929409,Manufacturing,2020,0.12287786956639675,-0.004994842444019709
FOSROC CHEMICALS (INDIA) PRIVATE LIMITED,2813.0,IN0002929409,Manufacturing,2021,0.12068598152286131,0.337231038621004
FOSROC CHEMICALS (INDIA) PRIVATE LIMITED,2813.0,IN0002929409,Manufacturing,2022,0.1562365363721306,0.23236238922333396
FOSROC CHEMICALS (INDIA) PRIVATE LIMITED,2813.0,IN0002929409,Manufacturing,2023,0.1746072816762108,0.12166189845836084
FUJI SILVERTECH CONCRETE PRIVATE LIMITED,3272.0,IN0014381987,Manufacturing,2017,0.1257896861601353,5.012521044742685
FUJI SILVERTECH CONCRETE PRIVATE LIMITED,3272.0,IN0014381987,Manufacturing,2018,0.10973973349889117,0.8879439971301106
FUJI SILVERTECH CONCRETE PRIVATE LIMITED,3272.0,IN0014381987,Manufacturing,2019,0.05803194387019912,-0.008980585515259265
FUJI SILVERTECH CONCRETE PRIVATE LIMITED,3272.0,IN0014381987,Manufacturing,2020,0.09307785161374157,0.20447910425140847
FUJI SILVERTECH CONCRETE PRIVATE LIMITED,3272.0,IN0014381987,Manufacturing,2021,0.06255470792891014,0.6072149473235071
FUJI SILVERTECH CONCRETE PRIVATE LIMITED,3272.0,IN0014381987,Manufacturing,2022,0.06730114133088962,0.2708440577700766
FUJI SILVERTECH CONCRETE PRIVATE LIMITED,3272.0,IN0014381987,Manufacturing,2023,0.11048520678314232,0.5515251079615109
G.G AUTOMOTIVE GEARS LIMITED,5013.0,IN35895FI,Wholesale Trade,2017,0.12612170565311337,0.5014255526322384
G.G AUTOMOTIVE GEARS LIMITED,5013.0,IN35895FI,Wholesale Trade,2018,0.11669366725173003,0.21453362771582474
G.G AUTOMOTIVE GEARS LIMITED,5013.0,IN35895FI,Wholesale Trade,2019,0.09630388679985033,-0.05962709303860858
G.G AUTOMOTIVE GEARS LIMITED,5013.0,IN35895FI,Wholesale Trade,2020,-0.036806983395171,-0.44974973726105816
G.G AUTOMOTIVE GEARS LIMITED,5013.0,IN35895FI,Wholesale Trade,2021,0.05598050440646635,0.5330913256571135
G.G AUTOMOTIVE GEARS LIMITED,5013.0,IN35895FI,Wholesale Trade,2022,0.059723775600608583,0.4998416658316571
G.G AUTOMOTIVE GEARS LIMITED,5013.0,IN35895FI,Wholesale Trade,2023,0.09127300918796047,0.21563536260065552
GENESIS LA MODE PRIVATE LIMITED,5199.0,IN0003117973,Wholesale Trade,2017,0.052057442403045384,0.17699439477932088
GENESIS LA MODE PRIVATE LIMITED,5199.0,IN0003117973,Wholesale Trade,2018,0.1543225675775207,0.08117641359010452
GENESIS LA MODE PRIVATE LIMITED,5199.0,IN0003117973,Wholesale Trade,2019,0.13251753469631444,0.1321699487826875
GENESIS LA MODE PRIVATE LIMITED,5199.0,IN0003117973,Wholesale Trade,2020,0.10592459605026908,-0.062258190433688854
GENESIS LA MODE PRIVATE LIMITED,5199.0,IN0003117973,Wholesale Trade,2021,0.11198889208081964,0.6526566636011195
GENESIS LA MODE PRIVATE LIMITED,5199.0,IN0003117973,Wholesale Trade,2022,0.114829197257448,0.4551476849347742
GENESIS LA MODE PRIVATE LIMITED,5199.0,IN0003117973,Wholesale Trade,2023,0.12677660844092453,0.10297839018239152
GEP SOLUTIONS PRIVATE LIMITED,7375.0,IN0003135598,Services,2017,0.1480280970226887,0.2252122936592349
GEP SOLUTIONS PRIVATE LIMITED,7375.0,IN0003135598,Services,2018,0.15165176440814357,0.15283692584762187
GEP SOLUTIONS PRIVATE LIMITED,7375.0,IN0003135598,Services,2019,0.1590938044658263,0.09441422143519729
GEP SOLUTIONS PRIVATE LIMITED,7375.0,IN0003135598,Services,2020,0.16844063021564126,0.0641062191523527
GEP SOLUTIONS PRIVATE LIMITED,7375.0,IN0003135598,Services,2021,0.16930125247080718,0.28698397882514515
GEP SOLUTIONS PRIVATE LIMITED,7375.0,IN0003135598,Services,2022,0.17229715734042636,0.1464520232507911
GEP SOLUTIONS PRIVATE LIMITED,7375.0,IN0003135598,Services,2023,0.15135404452404153,0.12028717998885607
GLOBETROTTERS EDUCATIONAL INNOVENTIONS PRIVATE LIMITED,8299.0,IN0003197626,Services,2017,0.21959319788067622,0.15915756144248117
GLOBETROTTERS EDUCATIONAL INNOVENTIONS PRIVATE LIMITED,8299.0,IN0003197626,Services,2018,0.22820589775014494,0.14516068109471436
GLOBETROTTERS EDUCATIONAL INNOVENTIONS PRIVATE LIMITED,8299.0,IN0003197626,Services,2019,0.22013922087361257,0.03133323943560584
GLOBETROTTERS EDUCATIONAL INNOVENTIONS PRIVATE LIMITED,8299.0,IN0003197626,Services,2020,0.31788955362492144,-0.3209690052973032
GLOBETROTTERS EDUCATIONAL INNOVENTIONS PRIVATE LIMITED,8299.0,IN0003197626,Services,2021,0.2349686376136009,0.46198046074867016
GLOBETROTTERS EDUCATIONAL INNOVENTIONS PRIVATE LIMITED,8299.0,IN0003197626,Services,2022,0.14922458969525584,0.26753233271912524
GLOBETROTTERS EDUCATIONAL INNOVENTIONS PRIVATE LIMITED,8299.0,IN0003197626,Services,2023,0.15320012456064053,0.12934305321879158
GML INDIA FASHION PRIVATE LIMITED,5131.0,IN0013012997,Wholesale Trade,2017,0.09566546404043347,0.2940400330661961
GML INDIA FASHION PRIVATE LIMITED,5131.0,IN0013012997,Wholesale Trade,2018,0.17056016216246328,0.3200890314431861
GML INDIA FASHION PRIVATE LIMITED,5131.0,IN0013012997,Wholesale Trade,2019,0.04438515643948576,0.05336313616781907
GML INDIA FASHION PRIVATE LIMITED,5131.0,IN0013012997,Wholesale Trade,2020,0.0627053669222344,-0.09156794307535432
GML INDIA FASHION PRIVATE LIMITED,5131.0,IN0013012997,Wholesale Trade,2021,0.06840259039395574,0.9679310730917356
GML INDIA FASHION PRIVATE LIMITED,5131.0,IN0013012997,Wholesale Trade,2022,0.09787994476484475,0.5314637166570111
GML INDIA FASHION PRIVATE LIMITED,5131.0,IN0013012997,Wholesale Trade,2023,0.15470179290157274,0.09457943582310135
GMM PFAUDLER LIMITED,3569.0,IN31937FI,Manufacturing,2017,0.13196729595093903,0.14556055792140055
GMM PFAUDLER LIMITED,3569.0,IN31937FI,Manufacturing,2018,0.13365151807545314,0.1650314881463837
GMM PFAUDLER LIMITED,3569.0,IN31937FI,Manufacturing,2019,0.15332311461209402,0.07898787022690357
GMM PFAUDLER LIMITED,3569.0,IN31937FI,Manufacturing,2020,0.0882711363273131,0.7370837925558931
GMM PFAUDLER LIMITED,3569.0,IN31937FI,Manufacturing,2021,0.060163664059639986,1.460652406127021
GMM PFAUDLER LIMITED,3569.0,IN31937FI,Manufacturing,2022,0.10001036441926284,0.1555442821308617
GMM PFAUDLER LIMITED,3569.0,IN31937FI,Manufacturing,2023,0.09812616842745975,0.06856264976354809
GOODLUCK INDIA LTD.,3317.0,IN33307FI,Manufacturing,2017,0.060252543260875674,0.16731451007086506
GOODLUCK INDIA LTD.,3317.0,IN33307FI,Manufacturing,2018,0.05814472410469621,0.22340942971234057
GOODLUCK INDIA LTD.,3317.0,IN33307FI,Manufacturing,2019,0.05968086714842805,-0.09502904669407597
GOODLUCK INDIA LTD.,3317.0,IN33307FI,Manufacturing,2020,0.05385028686655659,-0.014745844781439255
GOODLUCK INDIA LTD.,3317.0,IN33307FI,Manufacturing,2021,0.05777677120315061,0.6049229812121266
GOODLUCK INDIA LTD.,3317.0,IN33307FI,Manufacturing,2022,0.05768339198101222,0.09339602555037496
GOODLUCK INDIA LTD.,3317.0,IN33307FI,Manufacturing,2023,0.06675309349475674,0.12568361743890666
ICE MT INDIA PRIVATE LIMITED,7375.0,IN0005444635,Services,2017,0.18640126872691318,0.25730627398446315
ICE MT INDIA PRIVATE LIMITED,7375.0,IN0005444635,Services,2018,0.1893216918623182,0.1344287441174965
ICE MT INDIA PRIVATE LIMITED,7375.0,IN0005444635,Services,2019,0.19056474271158064,0.0747414464306635
ICE MT INDIA PRIVATE LIMITED,7375.0,IN0005444635,Services,2020,0.15209363878412305,1.0723425903415786
ICE MT INDIA PRIVATE LIMITED,7375.0,IN0005444635,Services,2021,0.14282861338738273,1.0224274920344527
ICE MT INDIA PRIVATE LIMITED,7375.0,IN0005444635,Services,2022,0.1552057093538766,0.27538827069516847
ICE MT INDIA PRIVATE LIMITED,7375.0,IN0005444635,Services,2023,0.15183481970976662,0.37394142060123015
IGUS (INDIA) PRIVATE LIMITED,3567.0,IN0003702166,Manufacturing,2017,0.12236955801010013,0.15081665598551441
IGUS (INDIA) PRIVATE LIMITED,3567.0,IN0003702166,Manufacturing,2018,0.08168651238975773,0.2009225414641005
IGUS (INDIA) PRIVATE LIMITED,3567.0,IN0003702166,Manufacturing,2019,0.11109326487943103,-0.08909069743892994
IGUS (INDIA) PRIVATE LIMITED,3567.0,IN0003702166,Manufacturing,2020,0.08080817781165314,-0.11739101289418541
IGUS (INDIA) PRIVATE LIMITED,3567.0,IN0003702166,Manufacturing,2021,0.12833160525158038,0.6262248460928626
IGUS (INDIA) PRIVATE LIMITED,3567.0,IN0003702166,Manufacturing,2022,0.17656509702493517,0.31802638739581424
IGUS (INDIA) PRIVATE LIMITED,3567.0,IN0003702166,Manufacturing,2023,0.16216327340350853,0.08375032559408568
INTEGRA ENGINEERING (INDIA) LTD,3559.0,IN33983FI,Manufacturing,2017,0.11240752810994867,0.35596074663978006
INTEGRA ENGINEERING (INDIA) LTD,3559.0,IN33983FI,Manufacturing,2018,0.1523712051123235,0.2965256486144421
INTEGRA ENGINEERING (INDIA) LTD,3559.0,IN33983FI,Manufacturing,2019,0.12907230162626326,-0.08434827399985978
INTEGRA ENGINEERING (INDIA) LTD,3559.0,IN33983FI,Manufacturing,2020,0.1265378403340536,0.029484442138114186
INTEGRA ENGINEERING (INDIA) LTD,3559.0,IN33983FI,Manufacturing,2021,0.13252609467421594,0.5773521750867354
INTEGRA ENGINEERING (INDIA) LTD,3559.0,IN33983FI,Manufacturing,2022,0.1456626020258386,0.1757739139221548
INTEGRA ENGINEERING (INDIA) LTD,3559.0,IN33983FI,Manufacturing,2023,0.14832232611692425,0.08867147095700201
INTERGLOBE TECHNOLOGY QUOTIENT PRIVATE LIMITED,7389.0,IN0003893143,Services,2017,0.37563392607153834,0.1499283894719461
INTERGLOBE TECHNOLOGY QUOTIENT PRIVATE LIMITED,7389.0,IN0003893143,Services,2018,0.2640144290883041,0.09907144163385495
INTERGLOBE TECHNOLOGY QUOTIENT PRIVATE LIMITED,7389.0,IN0003893143,Services,2019,0.2960563518682295,-0.007929801109291978
INTERGLOBE TECHNOLOGY QUOTIENT PRIVATE LIMITED,7389.0,IN0003893143,Services,2020,-0.0365214648106066,-0.8171644788176653
INTERGLOBE TECHNOLOGY QUOTIENT PRIVATE LIMITED,7389.0,IN0003893143,Services,2021,0.2803278249636911,1.5111095098629979
INTERGLOBE TECHNOLOGY QUOTIENT PRIVATE LIMITED,7389.0,IN0003893143,Services,2022,0.5046125667113713,1.060292784363552
INTERGLOBE TECHNOLOGY QUOTIENT PRIVATE LIMITED,7389.0,IN0003893143,Services,2023,0.46146152471631624,0.24803270769698949
INVESTEC CAPITAL SERVICES (INDIA) PRIVATE LIMITED,6019.0,IN0003909984,"Finance, Insurance, and Real Estate",2017,0.13248296189473754,0.8081402122211743
INVESTEC CAPITAL SERVICES (INDIA) PRIVATE LIMITED,6019.0,IN0003909984,"Finance, Insurance, and Real Estate",2018,0.13426178011031215,0.18637221891904532
INVESTEC CAPITAL SERVICES (INDIA) PRIVATE LIMITED,6019.0,IN0003909984,"Finance, Insurance, and Real Estate",2019,0.2028832032376741,0.2450576313594668
INVESTEC CAPITAL SERVICES (INDIA) PRIVATE LIMITED,6019.0,IN0003909984,"Finance, Insurance, and Real Estate",2020,0.2908375646530088,0.26419261906801794
INVESTEC CAPITAL SERVICES (INDIA) PRIVATE LIMITED,6019.0,IN0003909984,"Finance, Insurance, and Real Estate",2021,0.3315013652982833,0.33995741032723115
INVESTEC CAPITAL SERVICES (INDIA) PRIVATE LIMITED,6019.0,IN0003909984,"Finance, Insurance, and Real Estate",2022,0.30288301363235953,0.16876854067576996
INVESTEC CAPITAL SERVICES (INDIA) PRIVATE LIMITED,6019.0,IN0003909984,"Finance, Insurance, and Real Estate",2023,0.332622302919434,0.31867381915615667
JEWELLERY GARDEN PRIVATE LIMITED,3312.0,IN0004121041,Manufacturing,2017,0.10380272701791876,0.43969919947449476
JEWELLERY GARDEN PRIVATE LIMITED,3312.0,IN0004121041,Manufacturing,2018,0.12022985683148335,0.22142796137753384
JEWELLERY GARDEN PRIVATE LIMITED,3312.0,IN0004121041,Manufacturing,2019,0.11038278933741967,-0.0712503111201569
JEWELLERY GARDEN PRIVATE LIMITED,3312.0,IN0004121041,Manufacturing,2020,0.13935975197496478,0.2097526619590635
JEWELLERY GARDEN PRIVATE LIMITED,3312.0,IN0004121041,Manufacturing,2021,0.12729435619036686,0.556962396301818
JEWELLERY GARDEN PRIVATE LIMITED,3312.0,IN0004121041,Manufacturing,2022,0.11377513787146802,0.14248695722416516
JEWELLERY GARDEN PRIVATE LIMITED,3312.0,IN0004121041,Manufacturing,2023,0.11579640750816028,0.11137852611198107
KEI INDUSTRIES LIMITED,3357.0,IN30982FI,Manufacturing,2017,0.09251264748670052,0.31382476980479734
KEI INDUSTRIES LIMITED,3357.0,IN30982FI,Manufacturing,2018,0.1055560318289157,0.14859973638196933
KEI INDUSTRIES LIMITED,3357.0,IN30982FI,Manufacturing,2019,0.09456007438990827,0.05987440564757196
KEI INDUSTRIES LIMITED,3357.0,IN30982FI,Manufacturing,2020,0.09780447990925806,-0.12224993504750947
KEI INDUSTRIES LIMITED,3357.0,IN30982FI,Manufacturing,2021,0.09421325793070606,0.32720205331209806
KEI INDUSTRIES LIMITED,3357.0,IN30982FI,Manufacturing,2022,0.09527328330184133,0.11305322215204017
KEI INDUSTRIES LIMITED,3357.0,IN30982FI,Manufacturing,2023,0.09892974852640606,0.15858631122478206
KINGFA SCIENCE & TECHNOLOGY (INDIA) LTD.,3087.0,IN31297FI,Manufacturing,2017,0.05814233916641528,0.4041599554792863
KINGFA SCIENCE & TECHNOLOGY (INDIA) LTD.,3087.0,IN31297FI,Manufacturing,2018,0.05231211018188767,0.09657927493871865
KINGFA SCIENCE & TECHNOLOGY (INDIA) LTD.,3087.0,IN31297FI,Manufacturing,2019,0.04629789091117021,-0.030289931850760454
KINGFA SCIENCE & TECHNOLOGY (INDIA) LTD.,3087.0,IN31297FI,Manufacturing,2020,0.01703117270253036,-0.13048150605193098
KINGFA SCIENCE & TECHNOLOGY (INDIA) LTD.,3087.0,IN31297FI,Manufacturing,2021,0.0749699184051653,0.6163832514591874
KINGFA SCIENCE & TECHNOLOGY (INDIA) LTD.,3087.0,IN31297FI,Manufacturing,2022,0.10784675696447361,0.2350992683253006
KINGFA SCIENCE & TECHNOLOGY (INDIA) LTD.,3087.0,IN31297FI,Manufacturing,2023,0.11700620015333338,0.045080994574654865
KPMG RESOURCE CENTRE PRIVATE LIMITED,8742.0,IN0004698613,Services,2017,0.17518710420264832,0.18288848307114325
KPMG RESOURCE CENTRE PRIVATE LIMITED,8742.0,IN0004698613,Services,2018,0.1759077205400446,0.23899916336675409
KPMG RESOURCE CENTRE PRIVATE LIMITED,8742.0,IN0004698613,Services,2019,0.2505055611729021,0.26880013127573354
KPMG RESOURCE CENTRE PRIVATE LIMITED,8742.0,IN0004698613,Services,2020,0.1741578616143886,-0.021622975550633416
KPMG RESOURCE CENTRE PRIVATE LIMITED,8742.0,IN0004698613,Services,2021,0.16785954184328183,0.3865641625377656
KPMG RESOURCE CENTRE PRIVATE LIMITED,8742.0,IN0004698613,Services,2022,0.170015344083843,0.47537175796611253
KPMG RESOURCE CENTRE PRIVATE LIMITED,8742.0,IN0004698613,Services,2023,0.1632497134852918,0.12098983638883931
KRONOS SOLUTIONS INDIA PRIVATE LIMITED,3571.0,IN0004753014,Manufacturing,2017,0.13014124246797745,0.20970169961893625
KRONOS SOLUTIONS INDIA PRIVATE LIMITED,3571.0,IN0004753014,Manufacturing,2018,0.11693098616865373,0.20247928934881987
KRONOS SOLUTIONS INDIA PRIVATE LIMITED,3571.0,IN0004753014,Manufacturing,2019,0.1418196616166933,0.10343689950891721
KRONOS SOLUTIONS INDIA PRIVATE LIMITED,3571.0,IN0004753014,Manufacturing,2020,0.10885143154953247,0.09831197595127916
KRONOS SOLUTIONS INDIA PRIVATE LIMITED,3571.0,IN0004753014,Manufacturing,2021,0.1280164007709149,0.39089722861033516
KRONOS SOLUTIONS INDIA PRIVATE LIMITED,3571.0,IN0004753014,Manufacturing,2022,0.13778212205459436,0.31909659690871917
KRONOS SOLUTIONS INDIA PRIVATE LIMITED,3571.0,IN0004753014,Manufacturing,2023,0.13210359449844214,0.08438050922508
MARELLI MOTHERSON AUTOMOTIVE LIGHTING INDIA PRIVATE LIMITED,3694.0,IN0009236639,Manufacturing,2017,0.09666230146737854,0.7063398780243304
MARELLI MOTHERSON AUTOMOTIVE LIGHTING INDIA PRIVATE LIMITED,3694.0,IN0009236639,Manufacturing,2018,0.12145516282686358,0.1288897508508653
MARELLI MOTHERSON AUTOMOTIVE LIGHTING INDIA PRIVATE LIMITED,3694.0,IN0009236639,Manufacturing,2019,0.13958424212987053,0.11488040771724806
MARELLI MOTHERSON AUTOMOTIVE LIGHTING INDIA PRIVATE LIMITED,3694.0,IN0009236639,Manufacturing,2020,0.12082506803188643,0.08185149017479243
MARELLI MOTHERSON AUTOMOTIVE LIGHTING INDIA PRIVATE LIMITED,3694.0,IN0009236639,Manufacturing,2021,0.1475284804541632,0.3608208334422065
MARELLI MOTHERSON AUTOMOTIVE LIGHTING INDIA PRIVATE LIMITED,3694.0,IN0009236639,Manufacturing,2022,0.15749144326992306,0.09914539886681406
MARELLI MOTHERSON AUTOMOTIVE LIGHTING INDIA PRIVATE LIMITED,3694.0,IN0009236639,Manufacturing,2023,0.16877245209357297,0.11822740341955473
MASHREQ GLOBAL SERVICES PRIVATE LIMITED,7371.0,IN0010067272,Services,2017,0.15407084866985574,0.21370061598155798
MASHREQ GLOBAL SERVICES PRIVATE LIMITED,7371.0,IN0010067272,Services,2018,0.12763533646990272,0.6601538268387048
MASHREQ GLOBAL SERVICES PRIVATE LIMITED,7371.0,IN0010067272,Services,2019,0.12761322338947045,0.8193512076652789
MASHREQ GLOBAL SERVICES PRIVATE LIMITED,7371.0,IN0010067272,Services,2020,0.12842083783065766,0.09834367190667348
MASHREQ GLOBAL SERVICES PRIVATE LIMITED,7371.0,IN0010067272,Services,2021,0.12818009020491,0.7254594735523232
MASHREQ GLOBAL SERVICES PRIVATE LIMITED,7371.0,IN0010067272,Services,2022,0.12732236975976816,0.3308266179412287
MASHREQ GLOBAL SERVICES PRIVATE LIMITED,7371.0,IN0010067272,Services,2023,0.12702553904656091,0.2961975579893341
NARAYANA HRUDAYALAYA LIMITED,5047.0,IN117411FI,Wholesale Trade,2017,0.06482191499113799,0.21061803849346683
NARAYANA HRUDAYALAYA LIMITED,5047.0,IN117411FI,Wholesale Trade,2018,0.06370785070337248,0.1774716475217113
NARAYANA HRUDAYALAYA LIMITED,5047.0,IN117411FI,Wholesale Trade,2019,0.08942867898708227,0.004121848779400139
NARAYANA HRUDAYALAYA LIMITED,5047.0,IN117411FI,Wholesale Trade,2020,0.011284074111010945,-0.15313938461782928
NARAYANA HRUDAYALAYA LIMITED,5047.0,IN117411FI,Wholesale Trade,2021,0.1427676894176581,0.39047411261547427
NARAYANA HRUDAYALAYA LIMITED,5047.0,IN117411FI,Wholesale Trade,2022,0.1851679696770925,0.13078936219263526
NARAYANA HRUDAYALAYA LIMITED,5047.0,IN117411FI,Wholesale Trade,2023,0.18713417047343978,0.08999208008145532
NNE PRIVATE LIMITED,5085.0,IN0007429914,Wholesale Trade,2017,0.10485192137528244,0.29808439633255723
NNE PRIVATE LIMITED,5085.0,IN0007429914,Wholesale Trade,2018,0.09441395634857047,0.1810189878216819
NNE PRIVATE LIMITED,5085.0,IN0007429914,Wholesale Trade,2019,0.11301769328140492,0.0014576146429190473
NNE PRIVATE LIMITED,5085.0,IN0007429914,Wholesale Trade,2020,0.16464012408939208,0.23678109042972628
NNE PRIVATE LIMITED,5085.0,IN0007429914,Wholesale Trade,2021,0.24593116021228556,0.39391991069908716
NNE PRIVATE LIMITED,5085.0,IN0007429914,Wholesale Trade,2022,0.10530051149076677,0.49449356310561465
NNE PRIVATE LIMITED,5085.0,IN0007429914,Wholesale Trade,2023,0.14918587130790528,0.355339320600246
NXP INDIA PRIVATE LIMITED,7375.0,IN0002947248,Services,2017,0.09459466310320519,1.2251391909559182
NXP INDIA PRIVATE LIMITED,7375.0,IN0002947248,Services,2018,0.14962047430671332,0.18403648225842506
NXP INDIA PRIVATE LIMITED,7375.0,IN0002947248,Services,2019,0.16170325895890633,-0.008926560996220911
NXP INDIA PRIVATE LIMITED,7375.0,IN0002947248,Services,2020,0.153124542340901,0.17825928820888293
NXP INDIA PRIVATE LIMITED,7375.0,IN0002947248,Services,2021,0.1555132728947291,0.26667481227135204
NXP INDIA PRIVATE LIMITED,7375.0,IN0002947248,Services,2022,0.15939382716581071,0.32612722746627876
NXP INDIA PRIVATE LIMITED,7375.0,IN0002947248,Services,2023,0.1470691071607056,0.1429109678846232
P.P. JEWELLERS RETAIL PRIVATE LIMITED,5944.0,IN0014891199,Retail Trade,2017,0.04264044440680877,7.917753718546653
P.P. JEWELLERS RETAIL PRIVATE LIMITED,5944.0,IN0014891199,Retail Trade,2018,0.11685680270502412,2.2817193382014995
P.P. JEWELLERS RETAIL PRIVATE LIMITED,5944.0,IN0014891199,Retail Trade,2019,0.09252495367715652,0.09959313295993799
P.P. JEWELLERS RETAIL PRIVATE LIMITED,5944.0,IN0014891199,Retail Trade,2020,0.10465066035632246,-0.0388460234867718
P.P. JEWELLERS RETAIL PRIVATE LIMITED,5944.0,IN0014891199,Retail Trade,2021,0.08599582199025316,0.2087227239205256
P.P. JEWELLERS RETAIL PRIVATE LIMITED,5944.0,IN0014891199,Retail Trade,2022,0.12961364309362577,0.20587324011800834
P.P. JEWELLERS RETAIL PRIVATE LIMITED,5944.0,IN0014891199,Retail Trade,2023,0.12641283360973202,0.5004102612672914
PARMESHWARI SILK MILLS LTD,2299.0,IN117606FI,Manufacturing,2017,0.07282642615343905,0.25492566749307466
PARMESHWARI SILK MILLS LTD,2299.0,IN117606FI,Manufacturing,2018,0.10058118408369428,0.09939889949246372
PARMESHWARI SILK MILLS LTD,2299.0,IN117606FI,Manufacturing,2019,0.11202522432417167,-0.0444898023326914
PARMESHWARI SILK MILLS LTD,2299.0,IN117606FI,Manufacturing,2020,0.08779918629626535,-0.27699033434108444
PARMESHWARI SILK MILLS LTD,2299.0,IN117606FI,Manufacturing,2021,0.07812294630157075,0.39210481414013154
PARMESHWARI SILK MILLS LTD,2299.0,IN117606FI,Manufacturing,2022,0.08005003416149438,0.09769753956687244
PARMESHWARI SILK MILLS LTD,2299.0,IN117606FI,Manufacturing,2023,0.08056287123783314,0.16202755276946568
PRICEWATERHOUSECOOPERS SERVICE DELIVERY CENTER (BANGALORE) PRIVATE LIMITED,7375.0,IN0012980761,Services,2017,0.16272563867303266,0.16680308610438477
PRICEWATERHOUSECOOPERS SERVICE DELIVERY CENTER (BANGALORE) PRIVATE LIMITED,7375.0,IN0012980761,Services,2018,0.19328487445941175,0.11564837867704969
PRICEWATERHOUSECOOPERS SERVICE DELIVERY CENTER (BANGALORE) PRIVATE LIMITED,7375.0,IN0012980761,Services,2019,0.19736721852534567,0.11900278693871291
PRICEWATERHOUSECOOPERS SERVICE DELIVERY CENTER (BANGALORE) PRIVATE LIMITED,7375.0,IN0012980761,Services,2020,0.1559223925901271,0.12098285476839465
PRICEWATERHOUSECOOPERS SERVICE DELIVERY CENTER (BANGALORE) PRIVATE LIMITED,7375.0,IN0012980761,Services,2021,0.1960145115482878,0.8873405392051903
PRICEWATERHOUSECOOPERS SERVICE DELIVERY CENTER (BANGALORE) PRIVATE LIMITED,7375.0,IN0012980761,Services,2022,0.1554388792139943,0.43760154313868505
PRICEWATERHOUSECOOPERS SERVICE DELIVERY CENTER (BANGALORE) PRIVATE LIMITED,7375.0,IN0012980761,Services,2023,0.1447262577143104,0.1987103453672261
RACL GEARTECH LTD,7549.0,IN31980FI,Services,2017,0.10274159275010399,0.1794005862324941
RACL GEARTECH LTD,7549.0,IN31980FI,Services,2018,0.11952596245772597,0.30162256020933564
RACL GEARTECH LTD,7549.0,IN31980FI,Services,2019,0.14679880027923203,0.026885203444597217
RACL GEARTECH LTD,7549.0,IN31980FI,Services,2020,0.17120011219805717,-0.016175625355614565
RACL GEARTECH LTD,7549.0,IN31980FI,Services,2021,0.15589575742967857,0.29409795656008697
RACL GEARTECH LTD,7549.0,IN31980FI,Services,2022,0.17903251413364854,0.2184378635090669
RACL GEARTECH LTD,7549.0,IN31980FI,Services,2023,0.17417521545235295,0.12284842569266119
RECAERO INDIA PRIVATE LIMITED,3511.0,IN0006528987,Manufacturing,2017,0.3135510771369006,0.3679702994219676
RECAERO INDIA PRIVATE LIMITED,3511.0,IN0006528987,Manufacturing,2018,0.25639561443581615,0.14434484239627476
RECAERO INDIA PRIVATE LIMITED,3511.0,IN0006528987,Manufacturing,2019,0.23010181496237322,0.18363090705704233
RECAERO INDIA PRIVATE LIMITED,3511.0,IN0006528987,Manufacturing,2020,-0.5774582560296843,-0.8042338777001068
RECAERO INDIA PRIVATE LIMITED,3511.0,IN0006528987,Manufacturing,2021,0.13799504950495053,1.180314264003619
RECAERO INDIA PRIVATE LIMITED,3511.0,IN0006528987,Manufacturing,2022,0.23994539535860432,0.8111731216462883
RECAERO INDIA PRIVATE LIMITED,3511.0,IN0006528987,Manufacturing,2023,0.1897305171158053,0.42176471841151764
RIELLO POWER INDIA PRIVATE LIMITED,4911.0,IN0006638753,"Transportation, Communications, Electric, Gas, and Sanitary Services",2017,0.2136279926335173,0.1602060368132967
RIELLO POWER INDIA PRIVATE LIMITED,4911.0,IN0006638753,"Transportation, Communications, Electric, Gas, and Sanitary Services",2018,0.22687341940636255,0.08421216335883308
RIELLO POWER INDIA PRIVATE LIMITED,4911.0,IN0006638753,"Transportation, Communications, Electric, Gas, and Sanitary Services",2019,0.2240854568240139,0.023266366789596038
RIELLO POWER INDIA PRIVATE LIMITED,4911.0,IN0006638753,"Transportation, Communications, Electric, Gas, and Sanitary Services",2020,0.2220314948876782,-0.17992960353111676
RIELLO POWER INDIA PRIVATE LIMITED,4911.0,IN0006638753,"Transportation, Communications, Electric, Gas, and Sanitary Services",2021,0.2136880497747263,0.34918638055515827
RIELLO POWER INDIA PRIVATE LIMITED,4911.0,IN0006638753,"Transportation, Communications, Electric, Gas, and Sanitary Services",2022,0.1662167062900432,0.22732329617258662
RIELLO POWER INDIA PRIVATE LIMITED,4911.0,IN0006638753,"Transportation, Communications, Electric, Gas, and Sanitary Services",2023,0.19798329919647084,0.261014852743334
RISHABH SOFTWARE PRIVATE LIMITED,7371.0,IN0006826084,Services,2017,0.10001823667448868,0.3993101918790143
RISHABH SOFTWARE PRIVATE LIMITED,7371.0,IN0006826084,Services,2018,0.07392708338233742,0.2865473677969901
RISHABH SOFTWARE PRIVATE LIMITED,7371.0,IN0006826084,Services,2019,0.06457448303757188,0.21437909051706638
RISHABH SOFTWARE PRIVATE LIMITED,7371.0,IN0006826084,Services,2020,0.12693411714348124,0.12989200383881006
RISHABH SOFTWARE PRIVATE LIMITED,7371.0,IN0006826084,Services,2021,0.20778073477865733,0.40574227543034547
RISHABH SOFTWARE PRIVATE LIMITED,7371.0,IN0006826084,Services,2022,0.16469392367045166,0.15166319353783697
RISHABH SOFTWARE PRIVATE LIMITED,7371.0,IN0006826084,Services,2023,0.18357565734048545,0.41037586615519617
SAFARI INDUSTRIES (INDIA) LIMITED,2821.0,IN32515FI,Manufacturing,2017,0.08894240879736025,0.21123203414770209
SAFARI INDUSTRIES (INDIA) LIMITED,2821.0,IN32515FI,Manufacturing,2018,0.0814467013252059,0.2975249666625601
SAFARI INDUSTRIES (INDIA) LIMITED,2821.0,IN32515FI,Manufacturing,2019,0.07736050172208923,0.08846954945979735
SAFARI INDUSTRIES (INDIA) LIMITED,2821.0,IN32515FI,Manufacturing,2020,-0.05060896316950508,-0.5089160829223348
SAFARI INDUSTRIES (INDIA) LIMITED,2821.0,IN32515FI,Manufacturing,2021,0.06145429886121524,1.0847759619600907
SAFARI INDUSTRIES (INDIA) LIMITED,2821.0,IN32515FI,Manufacturing,2022,0.13767553920031722,0.5847059634052805
SAFARI INDUSTRIES (INDIA) LIMITED,2821.0,IN32515FI,Manufacturing,2023,0.14675378284593832,0.2614931272554599
SAR HEALTH LINE PRIVATE LIMITED,8062.0,IN0011045441,Services,2017,0.17733228032606854,0.17196838021080008
SAR HEALTH LINE PRIVATE LIMITED,8062.0,IN0011045441,Services,2018,0.17221618221615184,0.13289528247130344
SAR HEALTH LINE PRIVATE LIMITED,8062.0,IN0011045441,Services,2019,0.15526783748698922,0.04493142940491324
SAR HEALTH LINE PRIVATE LIMITED,8062.0,IN0011045441,Services,2020,0.12645756099686933,-0.17507605221833777
SAR HEALTH LINE PRIVATE LIMITED,8062.0,IN0011045441,Services,2021,0.15848132134044807,0.49452880771268193
SAR HEALTH LINE PRIVATE LIMITED,8062.0,IN0011045441,Services,2022,0.15284217016659415,0.18416543227923832
SAR HEALTH LINE PRIVATE LIMITED,8062.0,IN0011045441,Services,2023,0.17594976756074043,0.15667181601568414
SAWANSUKHA JEWELLERS PVT LTD,5094.0,IN0012919766,Wholesale Trade,2017,0.1361177003676,0.38189218949623394
SAWANSUKHA JEWELLERS PVT LTD,5094.0,IN0012919766,Wholesale Trade,2018,0.12977566078476258,0.06314741456136552
SAWANSUKHA JEWELLERS PVT LTD,5094.0,IN0012919766,Wholesale Trade,2019,0.14923951115072182,-0.04377312688885404
SAWANSUKHA JEWELLERS PVT LTD,5094.0,IN0012919766,Wholesale Trade,2020,0.16865071628965636,-0.5913822739146198
SAWANSUKHA JEWELLERS PVT LTD,5094.0,IN0012919766,Wholesale Trade,2021,0.10524008307333557,1.5132841746183572
SAWANSUKHA JEWELLERS PVT LTD,5094.0,IN0012919766,Wholesale Trade,2022,0.08537278737534566,0.39598339712513764
SAWANSUKHA JEWELLERS PVT LTD,5094.0,IN0012919766,Wholesale Trade,2023,0.06034145286410486,0.38104986679596053
SGS TEKNIKS MANUFACTURING PRIVATE LIMITED,3648.0,IN0005942633,Manufacturing,2017,0.09058768851472358,0.2688094378845549
SGS TEKNIKS MANUFACTURING PRIVATE LIMITED,3648.0,IN0005942633,Manufacturing,2018,0.10600778690622219,0.2333505041917956
SGS TEKNIKS MANUFACTURING PRIVATE LIMITED,3648.0,IN0005942633,Manufacturing,2019,0.10910795687757997,-0.0948379949398449
SGS TEKNIKS MANUFACTURING PRIVATE LIMITED,3648.0,IN0005942633,Manufacturing,2020,0.08523606102897241,0.011827923476365187
SGS TEKNIKS MANUFACTURING PRIVATE LIMITED,3648.0,IN0005942633,Manufacturing,2021,0.08182527072829389,0.3301714257997874
SGS TEKNIKS MANUFACTURING PRIVATE LIMITED,3648.0,IN0005942633,Manufacturing,2022,0.09266257513237286,0.35278883204704026
SGS TEKNIKS MANUFACTURING PRIVATE LIMITED,3648.0,IN0005942633,Manufacturing,2023,0.09288797634776468,0.3371695843418585
SHISH INDUSTRIES LIMITED,3089.0,IN117688FI,Manufacturing,2017,0.12729154522418798,0.5807097886851313
SHISH INDUSTRIES LIMITED,3089.0,IN117688FI,Manufacturing,2018,0.13697228604250422,0.24645466661335114
SHISH INDUSTRIES LIMITED,3089.0,IN117688FI,Manufacturing,2019,0.08582204909416935,0.33182651239370564
SHISH INDUSTRIES LIMITED,3089.0,IN117688FI,Manufacturing,2020,0.06840560220982979,0.8296747773251649
SHISH INDUSTRIES LIMITED,3089.0,IN117688FI,Manufacturing,2021,0.07022643758461303,0.7028723850489067
SHISH INDUSTRIES LIMITED,3089.0,IN117688FI,Manufacturing,2022,0.1250233757117004,0.26494307672097106
SHISH INDUSTRIES LIMITED,3089.0,IN117688FI,Manufacturing,2023,0.12159917428677348,0.23143420501857026
SHRUTI FASHIONS PRIVATE LIMITED,2281.0,IN0012737293,Manufacturing,2017,0.07644697033260452,0.5120253535900281
SHRUTI FASHIONS PRIVATE LIMITED,2281.0,IN0012737293,Manufacturing,2018,0.06362249286466272,0.11068946108953792
SHRUTI FASHIONS PRIVATE LIMITED,2281.0,IN0012737293,Manufacturing,2019,0.06674793552348675,-0.04748902863812243
SHRUTI FASHIONS PRIVATE LIMITED,2281.0,IN0012737293,Manufacturing,2020,0.10557067079018966,-0.19855477144825506
SHRUTI FASHIONS PRIVATE LIMITED,2281.0,IN0012737293,Manufacturing,2021,0.05728426505720473,0.5934864085463538
SHRUTI FASHIONS PRIVATE LIMITED,2281.0,IN0012737293,Manufacturing,2022,0.06613817580078829,0.23962277680149158
SHRUTI FASHIONS PRIVATE LIMITED,2281.0,IN0012737293,Manufacturing,2023,0.06419674148237142,0.33070885214977075
SIDWAL REFRIGERATION INDUSTRIES PRIVATE LIMITED,3564.0,IN0013530276,Manufacturing,2017,0.18960404282389476,0.4158805773746814
SIDWAL REFRIGERATION INDUSTRIES PRIVATE LIMITED,3564.0,IN0013530276,Manufacturing,2018,0.12945192113427798,0.10684381717061031
SIDWAL REFRIGERATION INDUSTRIES PRIVATE LIMITED,3564.0,IN0013530276,Manufacturing,2019,0.21911942921135205,0.37460354996820344
SIDWAL REFRIGERATION INDUSTRIES PRIVATE LIMITED,3564.0,IN0013530276,Manufacturing,2020,0.23304675740307393,-0.1327004329689384
SIDWAL REFRIGERATION INDUSTRIES PRIVATE LIMITED,3564.0,IN0013530276,Manufacturing,2021,0.22391381569490398,0.3875947799118973
SIDWAL REFRIGERATION INDUSTRIES PRIVATE LIMITED,3564.0,IN0013530276,Manufacturing,2022,0.2229498266700148,0.3538831992904925
SIDWAL REFRIGERATION INDUSTRIES PRIVATE LIMITED,3564.0,IN0013530276,Manufacturing,2023,0.19162481916892538,0.11647405664633337
SOLAS MARINE SERVICES PRIVATE LIMITED,7699.0,IN0006201883,Services,2017,0.27669314830443736,0.3716687926671929
SOLAS MARINE SERVICES PRIVATE LIMITED,7699.0,IN0006201883,Services,2018,0.14819354667521892,0.12818024993229638
SOLAS MARINE SERVICES PRIVATE LIMITED,7699.0,IN0006201883,Services,2019,0.2703199560289486,0.1439893322041943
SOLAS MARINE SERVICES PRIVATE LIMITED,7699.0,IN0006201883,Services,2020,0.28025820796123707,0.13108144576616376
SOLAS MARINE SERVICES PRIVATE LIMITED,7699.0,IN0006201883,Services,2021,0.2640579098830704,0.4262688466116338
SOLAS MARINE SERVICES PRIVATE LIMITED,7699.0,IN0006201883,Services,2022,0.3176896369093154,0.3852429835570086
SOLAS MARINE SERVICES PRIVATE LIMITED,7699.0,IN0006201883,Services,2023,0.3019778197098975,0.2936521013799591
SUYOG ELECTRICALS LIMITED,3679.0,IN0009627171,Manufacturing,2017,0.1089962038040904,0.30716474032746444
SUYOG ELECTRICALS LIMITED,3679.0,IN0009627171,Manufacturing,2018,0.09856643025252743,0.3819196586297371
SUYOG ELECTRICALS LIMITED,3679.0,IN0009627171,Manufacturing,2019,0.1291421034839837,-0.03990534005181057
SUYOG ELECTRICALS LIMITED,3679.0,IN0009627171,Manufacturing,2020,0.14824533605230167,-0.49390081007372477
SUYOG ELECTRICALS LIMITED,3679.0,IN0009627171,Manufacturing,2021,0.1054554671518247,0.5297174682068246
SUYOG ELECTRICALS LIMITED,3679.0,IN0009627171,Manufacturing,2022,0.10030291259881297,0.23397698256751553
SUYOG ELECTRICALS LIMITED,3679.0,IN0009627171,Manufacturing,2023,0.08044338472517301,0.4068364413487562
SWADESHI POLYTEX LIMITED,6531.0,IN34395FI,"Finance, Insurance, and Real Estate",2017,0.2945574682663887,0.6748786348879545
SWADESHI POLYTEX LIMITED,6531.0,IN34395FI,"Finance, Insurance, and Real Estate",2018,0.8097222406539886,3.1069355451697156
SWADESHI POLYTEX LIMITED,6531.0,IN34395FI,"Finance, Insurance, and Real Estate",2019,0.7786772642527711,-0.007245062331506458
SWADESHI POLYTEX LIMITED,6531.0,IN34395FI,"Finance, Insurance, and Real Estate",2020,-62.42477876106254,-0.9978677509421713
SWADESHI POLYTEX LIMITED,6531.0,IN34395FI,"Finance, Insurance, and Real Estate",2021,0.9201556806889682,1035.2150656478118
SWADESHI POLYTEX LIMITED,6531.0,IN34395FI,"Finance, Insurance, and Real Estate",2022,0.9188575320961034,0.12838426773013634
SWADESHI POLYTEX LIMITED,6531.0,IN34395FI,"Finance, Insurance, and Real Estate",2023,0.9289054833633258,1.207688443417907
TATA MOTORS INSURANCE BROKING AND ADVISORY SERVICES LIMITED,5013.0,IN0000277918,Wholesale Trade,2017,0.1754062965892353,1.3817561020157259
TATA MOTORS INSURANCE BROKING AND ADVISORY SERVICES LIMITED,5013.0,IN0000277918,Wholesale Trade,2018,0.1185006338830465,0.7198884012753979
TATA MOTORS INSURANCE BROKING AND ADVISORY SERVICES LIMITED,5013.0,IN0000277918,Wholesale Trade,2019,0.09693298784464748,-0.07890048645155545
TATA MOTORS INSURANCE BROKING AND ADVISORY SERVICES LIMITED,5013.0,IN0000277918,Wholesale Trade,2020,0.1302789279177682,0.121547169543468
TATA MOTORS INSURANCE BROKING AND ADVISORY SERVICES LIMITED,5013.0,IN0000277918,Wholesale Trade,2021,0.13773962149572117,0.3102791679189607
TATA MOTORS INSURANCE BROKING AND ADVISORY SERVICES LIMITED,5013.0,IN0000277918,Wholesale Trade,2022,0.15956029313790804,0.22913661745208058
TATA MOTORS INSURANCE BROKING AND ADVISORY SERVICES LIMITED,5013.0,IN0000277918,Wholesale Trade,2023,0.1258627581612259,0.8963899116803418
TATA POWER RENEWABLE ENERGY LIMITED,4911.0,IN0008921901,"Transportation, Communications, Electric, Gas, and Sanitary Services",2017,0.5937512644874117,0.8355928716509957
TATA POWER RENEWABLE ENERGY LIMITED,4911.0,IN0008921901,"Transportation, Communications, Electric, Gas, and Sanitary Services",2018,0.606816745693708,0.1268729322714799
TATA POWER RENEWABLE ENERGY LIMITED,4911.0,IN0008921901,"Transportation, Communications, Electric, Gas, and Sanitary Services",2019,0.559555221363957,-0.028785456218095362
TATA POWER RENEWABLE ENERGY LIMITED,4911.0,IN0008921901,"Transportation, Communications, Electric, Gas, and Sanitary Services",2020,0.5428870948954805,0.04325517664278755
TATA POWER RENEWABLE ENERGY LIMITED,4911.0,IN0008921901,"Transportation, Communications, Electric, Gas, and Sanitary Services",2021,0.5641678631439595,0.2434832133519984
TATA POWER RENEWABLE ENERGY LIMITED,4911.0,IN0008921901,"Transportation, Communications, Electric, Gas, and Sanitary Services",2022,0.23111102494538302,1.658248484639885
TATA POWER RENEWABLE ENERGY LIMITED,4911.0,IN0008921901,"Transportation, Communications, Electric, Gas, and Sanitary Services",2023,0.20987460507466735,0.21780842268278588
TEKION INDIA PRIVATE LIMITED,7378.0,IN0015595493,Services,2017,0.14720417891312074,1.286683926193089
TEKION INDIA PRIVATE LIMITED,7378.0,IN0015595493,Services,2018,0.14634080219490359,0.9326469729348019
TEKION INDIA PRIVATE LIMITED,7378.0,IN0015595493,Services,2019,0.14540082719052883,1.4329538476547459
TEKION INDIA PRIVATE LIMITED,7378.0,IN0015595493,Services,2020,0.187390926407759,1.1808440847201456
TEKION INDIA PRIVATE LIMITED,7378.0,IN0015595493,Services,2021,0.16203576341127918,1.2547837161415565
TEKION INDIA PRIVATE LIMITED,7378.0,IN0015595493,Services,2022,0.14764577486747751,0.626946723845905
TEKION INDIA PRIVATE LIMITED,7378.0,IN0015595493,Services,2023,0.14565299209634908,0.22550428324323146
TRAVEL DESIGNER INDIA PRIVATE LIMITED,4724.0,IN0005705961,"Transportation, Communications, Electric, Gas, and Sanitary Services",2017,0.1422663717016362,0.3074916062292896
TRAVEL DESIGNER INDIA PRIVATE LIMITED,4724.0,IN0005705961,"Transportation, Communications, Electric, Gas, and Sanitary Services",2018,0.18407779471869568,0.3783102739172901
TRAVEL DESIGNER INDIA PRIVATE LIMITED,4724.0,IN0005705961,"Transportation, Communications, Electric, Gas, and Sanitary Services",2019,0.16307136767812863,0.00592304719500758
TRAVEL DESIGNER INDIA PRIVATE LIMITED,4724.0,IN0005705961,"Transportation, Communications, Electric, Gas, and Sanitary Services",2020,-0.7544525624120388,-0.8115082974582343
TRAVEL DESIGNER INDIA PRIVATE LIMITED,4724.0,IN0005705961,"Transportation, Communications, Electric, Gas, and Sanitary Services",2021,0.13940376825072442,2.2737286845116187
TRAVEL DESIGNER INDIA PRIVATE LIMITED,4724.0,IN0005705961,"Transportation, Communications, Electric, Gas, and Sanitary Services",2022,0.3933715213314797,1.5446383880525145
TRAVEL DESIGNER INDIA PRIVATE LIMITED,4724.0,IN0005705961,"Transportation, Communications, Electric, Gas, and Sanitary Services",2023,0.41722762858023094,0.18559298834736904
TRELLEBORG INDIA PRIVATE LIMITED,3069.0,IN0005712638,Manufacturing,2017,0.11457370396349789,0.6113400117563974
TRELLEBORG INDIA PRIVATE LIMITED,3069.0,IN0005712638,Manufacturing,2018,0.1660000257371917,0.14454497996849702
TRELLEBORG INDIA PRIVATE LIMITED,3069.0,IN0005712638,Manufacturing,2019,0.13992640723485736,-0.02141829982177501
TRELLEBORG INDIA PRIVATE LIMITED,3069.0,IN0005712638,Manufacturing,2020,0.06445857635589704,-0.14467759380476775
TRELLEBORG INDIA PRIVATE LIMITED,3069.0,IN0005712638,Manufacturing,2021,0.31980582079878306,0.4863690855074474
TRELLEBORG INDIA PRIVATE LIMITED,3069.0,IN0005712638,Manufacturing,2022,0.3660143959825291,0.12298695697018669
TRELLEBORG INDIA PRIVATE LIMITED,3069.0,IN0005712638,Manufacturing,2023,0.3677304216983984,0.0664158019544836
TRENT LIMITED,5999.0,IN30407FI,Retail Trade,2017,0.08617188007159338,0.17658356333887792
TRENT LIMITED,5999.0,IN30407FI,Retail Trade,2018,0.07818300772929229,0.1462842146148866
TRENT LIMITED,5999.0,IN30407FI,Retail Trade,2019,0.09022769990099982,0.21628660984460857
TRENT LIMITED,5999.0,IN30407FI,Retail Trade,2020,-0.02586516169101451,-0.2370878833657164
TRENT LIMITED,5999.0,IN30407FI,Retail Trade,2021,0.06306474605748046,0.6818810942213822
TRENT LIMITED,5999.0,IN30407FI,Retail Trade,2022,0.07588541887882366,0.6897641349118826
TRENT LIMITED,5999.0,IN30407FI,Retail Trade,2023,0.10502188225382755,0.4801169475063809
TRESVISTA FINANCIAL SERVICES PRIVATE LIMITED,8742.0,IN0005725289,Services,2017,0.1501638094079586,0.4964684959904335
TRESVISTA FINANCIAL SERVICES PRIVATE LIMITED,8742.0,IN0005725289,Services,2018,0.2392594642467828,0.21379550464600738
TRESVISTA FINANCIAL SERVICES PRIVATE LIMITED,8742.0,IN0005725289,Services,2019,0.20494831585970938,-0.006879068946450739
TRESVISTA FINANCIAL SERVICES PRIVATE LIMITED,8742.0,IN0005725289,Services,2020,0.16444881121275556,-0.05514703506062224
TRESVISTA FINANCIAL SERVICES PRIVATE LIMITED,8742.0,IN0005725289,Services,2021,0.16580575450395826,0.3080184893079534
TRESVISTA FINANCIAL SERVICES PRIVATE LIMITED,8742.0,IN0005725289,Services,2022,0.1781705132899725,0.1839662495919936
TRESVISTA FINANCIAL SERVICES PRIVATE LIMITED,8742.0,IN0005725289,Services,2023,0.14045373704073272,0.19260297589111786
TRIPURA NATURAL GAS CO LTD,2999.0,IN0005751143,Manufacturing,2017,0.24471645841016107,0.14164283661733124
TRIPURA NATURAL GAS CO LTD,2999.0,IN0005751143,Manufacturing,2018,0.21759522745435828,0.17094807685750446
TRIPURA NATURAL GAS CO LTD,2999.0,IN0005751143,Manufacturing,2019,0.17786936793215075,0.10951611780924608
TRIPURA NATURAL GAS CO LTD,2999.0,IN0005751143,Manufacturing,2020,0.22341516337031608,0.05800582067702709
TRIPURA NATURAL GAS CO LTD,2999.0,IN0005751143,Manufacturing,2021,0.20215703923948447,0.33647782346192723
TRIPURA NATURAL GAS CO LTD,2999.0,IN0005751143,Manufacturing,2022,0.09959340718652,0.43353021173871054
TRIPURA NATURAL GAS CO LTD,2999.0,IN0005751143,Manufacturing,2023,0.15236525170151122,0.053209858010928146
UC INCLUSIVE CREDIT PRIVATE LIMITED,6019.0,IN0016129782,"Finance, Insurance, and Real Estate",2017,0.4763982790411796,0.6896131816121862
UC INCLUSIVE CREDIT PRIVATE LIMITED,6019.0,IN0016129782,"Finance, Insurance, and Real Estate",2018,0.3010236985092989,6.796793226131527
UC INCLUSIVE CREDIT PRIVATE LIMITED,6019.0,IN0016129782,"Finance, Insurance, and Real Estate",2019,0.7056902650710835,10.005965660128705
UC INCLUSIVE CREDIT PRIVATE LIMITED,6019.0,IN0016129782,"Finance, Insurance, and Real Estate",2020,0.631077638016557,0.4975477557067083
UC INCLUSIVE CREDIT PRIVATE LIMITED,6019.0,IN0016129782,"Finance, Insurance, and Real Estate",2021,0.695623907483789,0.33441780646055963
UC INCLUSIVE CREDIT PRIVATE LIMITED,6019.0,IN0016129782,"Finance, Insurance, and Real Estate",2022,0.7920627693308409,0.5693684212738881
UC INCLUSIVE CREDIT PRIVATE LIMITED,6019.0,IN0016129782,"Finance, Insurance, and Real Estate",2023,0.8089591058596756,0.7009728856078208
UNITED BREWERIES LIMITED,2082.0,IN30240FI,Manufacturing,2017,0.11589203905303207,0.1752000738527315
UNITED BREWERIES LIMITED,2082.0,IN30240FI,Manufacturing,2018,0.1388936340481849,0.08581978068028007
UNITED BREWERIES LIMITED,2082.0,IN30240FI,Manufacturing,2019,0.09179488045750021,-0.08045174921483522
UNITED BREWERIES LIMITED,2082.0,IN30240FI,Manufacturing,2020,0.03217150544139739,-0.3361729683859742
UNITED BREWERIES LIMITED,2082.0,IN30240FI,Manufacturing,2021,0.07330043097455863,0.3237835590971161
UNITED BREWERIES LIMITED,2082.0,IN30240FI,Manufacturing,2022,0.05579686868996504,0.20220806933282298
UNITED BREWERIES LIMITED,2082.0,IN30240FI,Manufacturing,2023,0.06209842469325304,0.06860270981360128
V 2 TECH VENTURES PRIVATE LIMITED,7389.0,IN0009230891,Services,2017,0.1938879507305254,0.26807578017442
V 2 TECH VENTURES PRIVATE LIMITED,7389.0,IN0009230891,Services,2018,0.22489511868851694,0.09661301811782863
V 2 TECH VENTURES PRIVATE LIMITED,7389.0,IN0009230891,Services,2019,0.219141548787309,0.04313995785593594
V 2 TECH VENTURES PRIVATE LIMITED,7389.0,IN0009230891,Services,2020,0.2548460918948596,0.06359550518429025
V 2 TECH VENTURES PRIVATE LIMITED,7389.0,IN0009230891,Services,2021,0.2630743407934218,0.35384880951826125
V 2 TECH VENTURES PRIVATE LIMITED,7389.0,IN0009230891,Services,2022,0.26234678164051556,0.21781175137755882
V 2 TECH VENTURES PRIVATE LIMITED,7389.0,IN0009230891,Services,2023,0.2542415056794558,0.23601264127449118
VIJAY TECHNNOCRATS PRIVATE LIMITED,3321.0,IN0005321788,Manufacturing,2017,0.08088821243892154,0.203975168474968
VIJAY TECHNNOCRATS PRIVATE LIMITED,3321.0,IN0005321788,Manufacturing,2018,0.057954216833585696,0.1998476348390703
VIJAY TECHNNOCRATS PRIVATE LIMITED,3321.0,IN0005321788,Manufacturing,2019,0.09030769962710328,-0.050797231589175706
VIJAY TECHNNOCRATS PRIVATE LIMITED,3321.0,IN0005321788,Manufacturing,2020,0.08536932992109557,-0.13456070033113288
VIJAY TECHNNOCRATS PRIVATE LIMITED,3321.0,IN0005321788,Manufacturing,2021,0.07115306548618293,0.45123319915324367
VIJAY TECHNNOCRATS PRIVATE LIMITED,3321.0,IN0005321788,Manufacturing,2022,0.13047695277555438,0.37459311957128416
VIJAY TECHNNOCRATS PRIVATE LIMITED,3321.0,IN0005321788,Manufacturing,2023,0.1258020601949168,0.051032403566424245
VIVA COMPOSITE PANEL PRIVATE LIMITED,3499.0,IN0010544635,Manufacturing,2017,0.07277286724097912,0.38617323674364723
VIVA COMPOSITE PANEL PRIVATE LIMITED,3499.0,IN0010544635,Manufacturing,2018,0.07356737817766361,0.2096279503878451
VIVA COMPOSITE PANEL PRIVATE LIMITED,3499.0,IN0010544635,Manufacturing,2019,0.09712769756850582,-0.05778071284439634
VIVA COMPOSITE PANEL PRIVATE LIMITED,3499.0,IN0010544635,Manufacturing,2020,0.11527465945632158,-0.05599547042915298
VIVA COMPOSITE PANEL PRIVATE LIMITED,3499.0,IN0010544635,Manufacturing,2021,0.0937590349863369,0.47868983201927473
VIVA COMPOSITE PANEL PRIVATE LIMITED,3499.0,IN0010544635,Manufacturing,2022,0.11177981278685575,0.16589474038533947
VIVA COMPOSITE PANEL PRIVATE LIMITED,3499.0,IN0010544635,Manufacturing,2023,0.1394443493858804,0.2785151038670153
VOLKSWAGEN GROUP TECHNOLOGY SOLUTIONS INDIA PRIVATE LIMITED,7375.0,IN0015195503,Services,2017,0.1517682388859432,0.5530836013504505
VOLKSWAGEN GROUP TECHNOLOGY SOLUTIONS INDIA PRIVATE LIMITED,7375.0,IN0015195503,Services,2018,0.11670576536578911,0.39872253776979183
VOLKSWAGEN GROUP TECHNOLOGY SOLUTIONS INDIA PRIVATE LIMITED,7375.0,IN0015195503,Services,2019,0.12325622163569994,0.18023970173476966
VOLKSWAGEN GROUP TECHNOLOGY SOLUTIONS INDIA PRIVATE LIMITED,7375.0,IN0015195503,Services,2020,0.10449459665451423,0.16334324089855023
VOLKSWAGEN GROUP TECHNOLOGY SOLUTIONS INDIA PRIVATE LIMITED,7375.0,IN0015195503,Services,2021,0.11952402369932162,0.5903455304256233
VOLKSWAGEN GROUP TECHNOLOGY SOLUTIONS INDIA PRIVATE LIMITED,7375.0,IN0015195503,Services,2022,0.10566113355110054,0.40163992396949677
VOLKSWAGEN GROUP TECHNOLOGY SOLUTIONS INDIA PRIVATE LIMITED,7375.0,IN0015195503,Services,2023,0.11444082386179721,0.4897118554094668
WOOD GROUP PSN INDIA PRIVATE LIMITED,1311.0,IN0012915182,Mining,2017,0.16255832107442272,0.4545459535592815
WOOD GROUP PSN INDIA PRIVATE LIMITED,1311.0,IN0012915182,Mining,2018,0.12659530219614015,2.2034325304976097
WOOD GROUP PSN INDIA PRIVATE LIMITED,1311.0,IN0012915182,Mining,2019,0.11387371340481674,0.3175241116197356
WOOD GROUP PSN INDIA PRIVATE LIMITED,1311.0,IN0012915182,Mining,2020,0.13357691540837963,0.007795471202597382
WOOD GROUP PSN INDIA PRIVATE LIMITED,1311.0,IN0012915182,Mining,2021,0.1364418661596535,0.2821995903772412
WOOD GROUP PSN INDIA PRIVATE LIMITED,1311.0,IN0012915182,Mining,2022,0.1562301686915471,0.43721527143309746
WOOD GROUP PSN INDIA PRIVATE LIMITED,1311.0,IN0012915182,Mining,2023,0.11778359173784318,0.2594166080329332
WSP CONSULTANTS INDIA PRIVATE LIMITED,7371.0,IN0005076344,Services,2017,0.13319603048434578,0.2996930750454361
WSP CONSULTANTS INDIA PRIVATE LIMITED,7371.0,IN0005076344,Services,2018,0.15244121159478888,0.17188129562117727
WSP CONSULTANTS INDIA PRIVATE LIMITED,7371.0,IN0005076344,Services,2019,0.09373346132427196,0.12728006865396213
WSP CONSULTANTS INDIA PRIVATE LIMITED,7371.0,IN0005076344,Services,2020,0.11702223629362836,0.1559150437029344
WSP CONSULTANTS INDIA PRIVATE LIMITED,7371.0,IN0005076344,Services,2021,0.14765157487605735,0.3225653041078831
WSP CONSULTANTS INDIA PRIVATE LIMITED,7371.0,IN0005076344,Services,2022,0.11210079459896582,0.26384018725904523
WSP CONSULTANTS INDIA PRIVATE LIMITED,7371.0,IN0005076344,Services,2023,0.13247808639465544,0.47454493498724526
